published,posts
2015-01-01,8
2015-01-02,11
2015-01-03,11
2015-01-04,8
2015-01-05,27
2015-01-06,17
2015-01-07,26
2015-01-08,23
2015-01-09,17
2015-01-10,6
2015-01-11,12
2015-01-12,24
2015-01-13,15
2015-01-14,25
2015-01-15,19
2015-01-16,20
2015-01-17,13
2015-01-18,12
2015-01-19,18
2015-01-20,28
2015-01-21,33
2015-01-22,22
2015-01-23,13
2015-01-24,6
2015-01-25,12
2015-01-26,21
2015-01-27,27
2015-01-28,22
2015-01-29,15
2015-01-30,20
2015-01-31,5
2015-02-01,10
2015-02-02,17
2015-02-03,23
2015-02-04,23
2015-02-05,14
2015-02-06,24
2015-02-07,10
2015-02-08,7
2015-02-09,25
2015-02-10,33
2015-02-11,27
2015-02-12,22
2015-02-13,14
2015-02-14,11
2015-02-15,6
2015-02-16,18
2015-02-17,26
2015-02-18,13
2015-02-19,19
2015-02-20,15
2015-02-21,7
2015-02-22,9
2015-02-23,38
2015-02-24,35
2015-02-25,36
2015-02-26,15
2015-02-27,28
2015-02-28,10
2015-03-01,11
2015-03-02,25
2015-03-03,20
2015-03-04,25
2015-03-05,25
2015-03-06,25
2015-03-07,13
2015-03-08,11
2015-03-09,28
2015-03-10,22
2015-03-11,30
2015-03-12,16
2015-03-13,22
2015-03-14,17
2015-03-15,16
2015-03-16,23
2015-03-17,19
2015-03-18,35
2015-03-19,27
2015-03-20,26
2015-03-21,13
2015-03-22,9
2015-03-23,26
2015-03-24,16
2015-03-25,26
2015-03-26,31
2015-03-27,18
2015-03-28,4
2015-03-29,11
2015-03-30,41
2015-03-31,33
2015-04-01,23
2015-04-02,24
2015-04-03,18
2015-04-04,13
2015-04-05,7
2015-04-06,33
2015-04-07,32
2015-04-08,23
2015-04-09,17
2015-04-10,22
2015-04-11,13
2015-04-12,7
2015-04-13,25
2015-04-14,22
2015-04-15,28
2015-04-16,27
2015-04-17,12
2015-04-18,6
2015-04-19,11
2015-04-20,26
2015-04-21,29
2015-04-22,25
2015-04-23,14
2015-04-24,18
2015-04-25,10
2015-04-26,10
2015-04-27,30
2015-04-28,37
2015-04-29,24
2015-04-30,34
2015-05-01,22
2015-05-02,13
2015-05-03,9
2015-05-04,19
2015-05-05,21
2015-05-06,39
2015-05-07,28
2015-05-08,27
2015-05-09,12
2015-05-10,16
2015-05-11,37
2015-05-12,28
2015-05-13,27
2015-05-14,26
2015-05-15,32
2015-05-16,12
2015-05-17,8
2015-05-18,31
2015-05-19,32
2015-05-20,31
2015-05-21,34
2015-05-22,29
2015-05-23,12
2015-05-24,10
2015-05-25,23
2015-05-26,28
2015-05-27,26
2015-05-28,32
2015-05-29,35
2015-05-30,11
2015-05-31,14
2015-06-01,30
2015-06-02,34
2015-06-03,30
2015-06-04,34
2015-06-05,26
2015-06-06,17
2015-06-07,21
2015-06-08,27
2015-06-09,30
2015-06-10,34
2015-06-11,31
2015-06-12,32
2015-06-13,10
2015-06-14,27
2015-06-15,34
2015-06-16,23
2015-06-17,27
2015-06-18,27
2015-06-19,24
2015-06-20,22
2015-06-21,23
2015-06-22,41
2015-06-23,26
2015-06-24,35
2015-06-25,38
2015-06-26,29
2015-06-27,16
2015-06-28,14
2015-06-29,27
2015-06-30,40
2015-07-01,43
2015-07-02,31
2015-07-03,20
2015-07-04,13
2015-07-05,15
2015-07-06,38
2015-07-07,31
2015-07-08,33
2015-07-09,35
2015-07-10,24
2015-07-11,22
2015-07-12,13
2015-07-13,46
2015-07-14,39
2015-07-15,29
2015-07-16,42
2015-07-17,37
2015-07-18,17
2015-07-19,19
2015-07-20,36
2015-07-21,35
2015-07-22,27
2015-07-23,32
2015-07-24,22
2015-07-25,21
2015-07-26,15
2015-07-27,40
2015-07-28,27
2015-07-29,32
2015-07-30,43
2015-07-31,35
2015-08-01,18
2015-08-02,17
2015-08-03,37
2015-08-04,39
2015-08-05,35
2015-08-06,43
2015-08-07,23
2015-08-08,17
2015-08-09,20
2015-08-10,33
2015-08-11,64
2015-08-12,48
2015-08-13,39
2015-08-14,41
2015-08-15,17
2015-08-16,26
2015-08-17,54
2015-08-18,45
2015-08-19,44
2015-08-20,46
2015-08-21,44
2015-08-22,27
2015-08-23,20
2015-08-24,39
2015-08-25,35
2015-08-26,41
2015-08-27,42
2015-08-28,33
2015-08-29,24
2015-08-30,36
2015-08-31,37
2015-09-01,48
2015-09-02,50
2015-09-03,45
2015-09-04,49
2015-09-05,24
2015-09-06,17
2015-09-07,41
2015-09-08,62
2015-09-09,47
2015-09-10,48
2015-09-11,37
2015-09-12,24
2015-09-13,22
2015-09-14,35
2015-09-15,37
2015-09-16,55
2015-09-17,47
2015-09-18,40
2015-09-19,20
2015-09-20,25
2015-09-21,41
2015-09-22,65
2015-09-23,50
2015-09-24,54
2015-09-25,39
2015-09-26,18
2015-09-27,18
2015-09-28,40
2015-09-29,47
2015-09-30,62
2015-10-01,64
2015-10-02,38
2015-10-03,26
2015-10-04,31
2015-10-05,50
2015-10-06,61
2015-10-07,74
2015-10-08,89
2015-10-09,61
2015-10-10,34
2015-10-11,47
2015-10-12,76
2015-10-13,69
2015-10-14,71
2015-10-15,60
2015-10-16,52
2015-10-17,38
2015-10-18,29
2015-10-19,60
2015-10-20,81
2015-10-21,73
2015-10-22,68
2015-10-23,64
2015-10-24,35
2015-10-25,40
2015-10-26,81
2015-10-27,72
2015-10-28,74
2015-10-29,70
2015-10-30,53
2015-10-31,33
2015-11-01,36
2015-11-02,62
2015-11-03,70
2015-11-04,74
2015-11-05,72
2015-11-06,75
2015-11-07,33
2015-11-08,45
2015-11-09,79
2015-11-10,81
2015-11-11,74
2015-11-12,56
2015-11-13,56
2015-11-14,33
2015-11-15,30
2015-11-16,59
2015-11-17,73
2015-11-18,58
2015-11-19,62
2015-11-20,47
2015-11-21,19
2015-11-22,33
2015-11-23,57
2015-11-24,59
2015-11-25,51
2015-11-26,35
2015-11-27,35
2015-11-28,29
2015-11-29,31
2015-11-30,60
2015-12-01,54
2015-12-02,61
2015-12-03,57
2015-12-04,51
2015-12-05,29
2015-12-06,38
2015-12-07,85
2015-12-08,69
2015-12-09,63
2015-12-10,66
2015-12-11,52
2015-12-12,29
2015-12-13,43
2015-12-14,55
2015-12-15,70
2015-12-16,60
2015-12-17,58
2015-12-18,60
2015-12-19,39
2015-12-20,37
2015-12-21,69
2015-12-22,60
2015-12-23,45
2015-12-24,39
2015-12-25,17
2015-12-26,26
2015-12-27,28
2015-12-28,53
2015-12-29,52
2015-12-30,56
2015-12-31,78
2016-01-01,42
2016-01-02,44
2016-01-03,58
2016-01-04,94
2016-01-05,82
2016-01-06,83
2016-01-07,90
2016-01-08,51
2016-01-09,39
2016-01-10,53
2016-01-11,78
2016-01-12,94
2016-01-13,79
2016-01-14,82
2016-01-15,87
2016-01-16,46
2016-01-17,45
2016-01-18,62
2016-01-19,65
2016-01-20,90
2016-01-21,64
2016-01-22,88
2016-01-23,37
2016-01-24,51
2016-01-25,76
2016-01-26,85
2016-01-27,76
2016-01-28,69
2016-01-29,88
2016-01-30,52
2016-01-31,54
2016-02-01,83
2016-02-02,107
2016-02-03,89
2016-02-04,79
2016-02-05,105
2016-02-06,37
2016-02-07,54
2016-02-08,81
2016-02-09,98
2016-02-10,105
2016-02-11,80
2016-02-12,84
2016-02-13,47
2016-02-14,61
2016-02-15,93
2016-02-16,87
2016-02-17,90
2016-02-18,80
2016-02-19,79
2016-02-20,64
2016-02-21,61
2016-02-22,98
2016-02-23,105
2016-02-24,101
2016-02-25,126
2016-02-26,89
2016-02-27,56
2016-02-28,55
2016-02-29,103
2016-03-01,108
2016-03-02,96
2016-03-03,117
2016-03-04,87
2016-03-05,49
2016-03-06,50
2016-03-07,89
2016-03-08,103
2016-03-09,96
2016-03-10,108
2016-03-11,102
2016-03-12,53
2016-03-13,51
2016-03-14,94
2016-03-15,106
2016-03-16,95
2016-03-17,84
2016-03-18,86
2016-03-19,46
2016-03-20,55
2016-03-21,112
2016-03-22,116
2016-03-23,104
2016-03-24,89
2016-03-25,74
2016-03-26,53
2016-03-27,47
2016-03-28,87
2016-03-29,100
2016-03-30,86
2016-03-31,116
2016-04-01,65
2016-04-02,48
2016-04-03,53
2016-04-04,89
2016-04-05,106
2016-04-06,100
2016-04-07,77
2016-04-08,86
2016-04-09,43
2016-04-10,62
2016-04-11,96
2016-04-12,98
2016-04-13,93
2016-04-14,106
2016-04-15,91
2016-04-16,41
2016-04-17,45
2016-04-18,101
2016-04-19,90
2016-04-20,81
2016-04-21,92
2016-04-22,86
2016-04-23,34
2016-04-24,51
2016-04-25,92
2016-04-26,90
2016-04-27,104
2016-04-28,101
2016-04-29,87
2016-04-30,38
2016-05-01,48
2016-05-02,73
2016-05-03,100
2016-05-04,103
2016-05-05,98
2016-05-06,75
2016-05-07,39
2016-05-08,50
2016-05-09,89
2016-05-10,104
2016-05-11,99
2016-05-12,106
2016-05-13,69
2016-05-14,35
2016-05-15,49
2016-05-16,99
2016-05-17,78
2016-05-18,104
2016-05-19,89
2016-05-20,89
2016-05-21,46
2016-05-22,54
2016-05-23,79
2016-05-24,91
2016-05-25,87
2016-05-26,81
2016-05-27,84
2016-05-28,39
2016-05-29,44
2016-05-30,78
2016-05-31,87
2016-06-01,96
2016-06-02,99
2016-06-03,91
2016-06-04,46
2016-06-05,67
2016-06-06,103
2016-06-07,99
2016-06-08,112
2016-06-09,109
2016-06-10,82
2016-06-11,50
2016-06-12,48
2016-06-13,98
2016-06-14,95
2016-06-15,122
2016-06-16,124
2016-06-17,105
2016-06-18,55
2016-06-19,70
2016-06-20,116
2016-06-21,104
2016-06-22,110
2016-06-23,99
2016-06-24,105
2016-06-25,55
2016-06-26,74
2016-06-27,101
2016-06-28,100
2016-06-29,114
2016-06-30,116
2016-07-01,109
2016-07-02,54
2016-07-03,60
2016-07-04,81
2016-07-05,102
2016-07-06,125
2016-07-07,122
2016-07-08,106
2016-07-09,47
2016-07-10,77
2016-07-11,105
2016-07-12,132
2016-07-13,122
2016-07-14,125
2016-07-15,111
2016-07-16,51
2016-07-17,55
2016-07-18,111
2016-07-19,109
2016-07-20,104
2016-07-21,92
2016-07-22,105
2016-07-23,60
2016-07-24,69
2016-07-25,140
2016-07-26,118
2016-07-27,121
2016-07-28,111
2016-07-29,108
2016-07-30,78
2016-07-31,61
2016-08-01,140
2016-08-02,106
2016-08-03,106
2016-08-04,133
2016-08-05,112
2016-08-06,55
2016-08-07,60
2016-08-08,107
2016-08-09,107
2016-08-10,92
2016-08-11,110
2016-08-12,96
2016-08-13,71
2016-08-14,70
2016-08-15,117
2016-08-16,129
2016-08-17,129
2016-08-18,112
2016-08-19,97
2016-08-20,56
2016-08-21,50
2016-08-22,123
2016-08-23,126
2016-08-24,124
2016-08-25,103
2016-08-26,92
2016-08-27,64
2016-08-28,66
2016-08-29,130
2016-08-30,117
2016-08-31,117
2016-09-01,112
2016-09-02,96
2016-09-03,66
2016-09-04,58
2016-09-05,91
2016-09-06,121
2016-09-07,100
2016-09-08,111
2016-09-09,111
2016-09-10,66
2016-09-11,64
2016-09-12,139
2016-09-13,118
2016-09-14,125
2016-09-15,123
2016-09-16,116
2016-09-17,70
2016-09-18,73
2016-09-19,133
2016-09-20,122
2016-09-21,150
2016-09-22,106
2016-09-23,108
2016-09-24,53
2016-09-25,81
2016-09-26,129
2016-09-27,142
2016-09-28,130
2016-09-29,109
2016-09-30,120
2016-10-01,87
2016-10-02,71
2016-10-03,134
2016-10-04,129
2016-10-05,143
2016-10-06,139
2016-10-07,110
2016-10-08,67
2016-10-09,78
2016-10-10,143
2016-10-11,147
2016-10-12,133
2016-10-13,122
2016-10-14,144
2016-10-15,68
2016-10-16,91
2016-10-17,142
2016-10-18,143
2016-10-19,138
2016-10-20,139
2016-10-21,132
2016-10-22,73
2016-10-23,78
2016-10-24,152
2016-10-25,138
2016-10-26,158
2016-10-27,131
2016-10-28,142
2016-10-29,60
2016-10-30,81
2016-10-31,150
2016-11-01,124
2016-11-02,131
2016-11-03,146
2016-11-04,141
2016-11-05,67
2016-11-06,97
2016-11-07,158
2016-11-08,160
2016-11-09,198
2016-11-10,198
2016-11-11,147
2016-11-12,99
2016-11-13,95
2016-11-14,156
2016-11-15,197
2016-11-16,186
2016-11-17,171
2016-11-18,144
2016-11-19,74
2016-11-20,74
2016-11-21,160
2016-11-22,158
2016-11-23,177
2016-11-24,97
2016-11-25,112
2016-11-26,83
2016-11-27,92
2016-11-28,126
2016-11-29,165
2016-11-30,156
2016-12-01,136
2016-12-02,148
2016-12-03,82
2016-12-04,73
2016-12-05,164
2016-12-06,180
2016-12-07,192
2016-12-08,145
2016-12-09,164
2016-12-10,79
2016-12-11,85
2016-12-12,174
2016-12-13,168
2016-12-14,164
2016-12-15,147
2016-12-16,125
2016-12-17,78
2016-12-18,91
2016-12-19,167
2016-12-20,182
2016-12-21,175
2016-12-22,150
2016-12-23,113
2016-12-24,69
2016-12-25,52
2016-12-26,109
2016-12-27,140
2016-12-28,166
2016-12-29,149
2016-12-30,148
2016-12-31,124
2017-01-01,114
2017-01-02,146
2017-01-03,174
2017-01-04,190
2017-01-05,176
2017-01-06,149
2017-01-07,124
2017-01-08,114
2017-01-09,186
2017-01-10,197
2017-01-11,187
2017-01-12,187
2017-01-13,180
2017-01-14,99
2017-01-15,112
2017-01-16,181
2017-01-17,171
2017-01-18,172
2017-01-19,172
2017-01-20,181
2017-01-21,97
2017-01-22,153
2017-01-23,206
2017-01-24,194
2017-01-25,195
2017-01-26,171
2017-01-27,162
2017-01-28,123
2017-01-29,131
2017-01-30,199
2017-01-31,203
2017-02-01,206
2017-02-02,232
2017-02-03,190
2017-02-04,125
2017-02-05,163
2017-02-06,195
2017-02-07,201
2017-02-08,197
2017-02-09,220
2017-02-10,205
2017-02-11,111
2017-02-12,100
2017-02-13,193
2017-02-14,207
2017-02-15,188
2017-02-16,192
2017-02-17,190
2017-02-18,139
2017-02-19,117
2017-02-20,194
2017-02-21,224
2017-02-22,205
2017-02-23,189
2017-02-24,196
2017-02-25,121
2017-02-26,111
2017-02-27,225
2017-02-28,187
2017-03-01,219
2017-03-02,231
2017-03-03,218
2017-03-04,112
2017-03-05,119
2017-03-06,224
2017-03-07,205
2017-03-08,219
2017-03-09,229
2017-03-10,206
2017-03-11,124
2017-03-12,136
2017-03-13,201
2017-03-14,227
2017-03-15,241
2017-03-16,225
2017-03-17,189
2017-03-18,123
2017-03-19,99
2017-03-20,205
2017-03-21,247
2017-03-22,246
2017-03-23,228
2017-03-24,208
2017-03-25,135
2017-03-26,129
2017-03-27,230
2017-03-28,225
2017-03-29,238
2017-03-30,257
2017-03-31,207
2017-04-01,125
2017-04-02,142
2017-04-03,259
2017-04-04,221
2017-04-05,203
2017-04-06,274
2017-04-07,221
2017-04-08,140
2017-04-09,149
2017-04-10,238
2017-04-11,258
2017-04-12,239
2017-04-13,250
2017-04-14,204
2017-04-15,137
2017-04-16,143
2017-04-17,233
2017-04-18,264
2017-04-19,278
2017-04-20,274
2017-04-21,259
2017-04-22,178
2017-04-23,168
2017-04-24,296
2017-04-25,306
2017-04-26,270
2017-04-27,277
2017-04-28,262
2017-04-29,187
2017-04-30,148
2017-05-01,305
2017-05-02,332
2017-05-03,286
2017-05-04,284
2017-05-05,264
2017-05-06,133
2017-05-07,136
2017-05-08,267
2017-05-09,262
2017-05-10,264
2017-05-11,267
2017-05-12,281
2017-05-13,205
2017-05-14,180
2017-05-15,341
2017-05-16,345
2017-05-17,367
2017-05-18,336
2017-05-19,301
2017-05-20,156
2017-05-21,194
2017-05-22,341
2017-05-23,388
2017-05-24,375
2017-05-25,298
2017-05-26,269
2017-05-27,157
2017-05-28,172
2017-05-29,297
2017-05-30,365
2017-05-31,407
2017-06-01,392
2017-06-02,328
2017-06-03,170
2017-06-04,194
2017-06-05,340
2017-06-06,348
2017-06-07,323
2017-06-08,347
2017-06-09,291
2017-06-10,165
2017-06-11,193
2017-06-12,349
2017-06-13,358
2017-06-14,344
2017-06-15,336
2017-06-16,345
2017-06-17,188
2017-06-18,243
2017-06-19,408
2017-06-20,417
2017-06-21,422
2017-06-22,441
2017-06-23,421
2017-06-24,277
2017-06-25,253
